start,end,text,speaker,robot-guess,certainty,status,round,transaction unit,position,gold character,final guess,circle,robot_correct,tu relation,hum-selection
2024-10-12 02:05:13.117,2024-10-12 02:05:13.607,"Hello! I am Robin. Let's play this game! Before we start with the real game, let's practice the basics. Are you ready?",Robot,,,,0.0,,,,,,,,
2024-10-12 02:05:13.607,2024-10-12 02:05:39.800,"Great. Now describe the character to me that you see in the first spot. For example, you can tell me what their face looks like, or something else that catches your eye.",Robot,,,,0.0,,,,,,,,
2024-10-12 02:05:39.800,2024-10-12 02:05:39.839,blonde haired white women,Human,,,,0.0,,,,,,,,
2024-10-12 02:05:39.839,2024-10-12 02:05:59.282,"Ah yes, that one is in the second spot for me. You can now click the number 1. A menu will open where you can click on the number 2, indicating that the one you just described is in the second spot in my picture. When you've done this, you will see a checkmark indicating that you've filled in this position. Is that correct?",Robot,,,,0.0,,,,,,,,
2024-10-12 02:05:59.282,2024-10-12 02:05:59.317,yes,Human,,,,0.0,,,,,,,,
2024-10-12 02:05:59.317,2024-10-12 02:06:12.546,"Great! In the real game, we have to find the answers for all the characters. Please press the button to continue to the first round.",Robot,,,,0.0,,,,,,,,
2024-10-12 02:06:12.546,2024-10-12 02:06:12.547,Let's start!,Robot,,,,1.0,,,,,,,,
2024-10-12 02:06:12.547,2024-10-12 02:06:28.887,Who is in spot 1 for you?,Robot,,,,1.0,1.0,1.0,,,,,,
2024-10-12 02:06:28.887,2024-10-12 02:06:30.231,long haired brunnette women,Human,10.0,0.6451887249914166,SUCCESS_HIGH,1.0,1.0,1.0,10.0,,outer,,answer-description,
2024-10-12 02:06:30.231,2024-10-12 02:06:30.232,For me the woman with brown hair is in spot 5. You can now fill in this position.,Robot,,,,1.0,1.0,1.0,10.0,10.0,outer,correct,ack-done,
2024-10-12 02:06:30.232,2024-10-12 02:06:41.716,"Okay, let's move on to spot 2.",Robot,,,,1.0,2.0,2.0,,,,,,
2024-10-12 02:06:41.716,2024-10-12 02:06:55.546,,,,,,1.0,,,,,,,,5.0
2024-10-12 02:06:55.546,2024-10-12 02:06:56.013,white guy with grey hair and glasses,Human,2.0,0.7168448048320272,SUCCESS_HIGH,1.0,2.0,2.0,2.0,,inner,,answer-description,
2024-10-12 02:06:56.013,2024-10-12 02:06:56.014,"Oh, the man with grey hair is in spot 3 for me. You can now fill in this position.",Robot,,,,1.0,2.0,2.0,2.0,2.0,inner,correct,ack-done,
2024-10-12 02:06:56.014,2024-10-12 02:07:07.018,"Okay, and the one in spot 3?",Robot,,,,1.0,3.0,3.0,,,,,,
2024-10-12 02:07:07.018,2024-10-12 02:07:14.434,,,,,,1.0,,,,,,,,3.0
2024-10-12 02:07:14.434,2024-10-12 02:07:15.025,blonde women short hair,Human,1.0,0.4812646696966527,SUCCESS_LOW,1.0,3.0,3.0,1.0,,inner,,answer-description,
2024-10-12 02:07:15.025,2024-10-12 02:07:25.529,the woman with earrings?,Robot,,,,1.0,3.0,3.0,,,,,req-clar,
2024-10-12 02:07:25.529,2024-10-12 02:07:25.612,yes,Human,,,,1.0,3.0,3.0,,,,,answer,
2024-10-12 02:07:25.612,2024-10-12 02:07:25.613,For me the woman with earrings is in spot 1. You can now fill in this position.,Robot,,,,1.0,3.0,3.0,1.0,1.0,inner,correct,ack-done,
2024-10-12 02:07:25.613,2024-10-12 02:07:31.413,And the one in spot 4?,Robot,,,,1.0,4.0,4.0,,,,,,
2024-10-12 02:07:31.413,2024-10-12 02:07:42.524,,,,,,1.0,,,,,,,,1.0
2024-10-12 02:07:42.524,2024-10-12 02:07:43.196,man with black hair and beard,Human,3.0,0.075106509010225,MATCH_MULTIPLE,1.0,4.0,4.0,14.0,,outer,,answer-description,
2024-10-12 02:07:43.196,2024-10-12 02:07:47.673,the bald man?,Robot,,,,1.0,4.0,4.0,,,,,req-clar,
2024-10-12 02:07:47.673,2024-10-12 02:07:47.751,no,Human,0.0,1.0,NEG_RESPONSE,1.0,4.0,4.0,14.0,,outer,,clar-negative,
2024-10-12 02:07:47.751,2024-10-12 02:08:06.858,"Okay, can you describe it differently?",Robot,,,,1.0,4.0,4.0,,,,,req-clar,
2024-10-12 02:08:06.858,2024-10-12 02:08:07.554,black hair man,Human,14.0,0.601510504044388,SUCCESS_HIGH,1.0,4.0,4.0,14.0,,outer,,clar-repair,
2024-10-12 02:08:07.554,2024-10-12 02:08:07.555,"Hey, the man with dark hair is also in that spot for me. You can now fill in this position.",Robot,,,,1.0,4.0,4.0,14.0,14.0,outer,correct,ack-done,
2024-10-12 02:08:07.555,2024-10-12 02:08:17.816,And spot 5?,Robot,,,,1.0,5.0,5.0,,,,,,
2024-10-12 02:08:17.816,2024-10-12 02:08:22.232,,,,,,1.0,,,,,,,,4.0
2024-10-12 02:08:22.232,2024-10-12 02:08:22.850,bald man,Human,3.0,0.5291794079574702,SUCCESS_LOW,1.0,5.0,5.0,3.0,,inner,,answer-description,
2024-10-12 02:08:22.850,2024-10-12 02:08:27.835,the bald man?,Robot,,,,1.0,5.0,5.0,,,,,req-clar,
2024-10-12 02:08:27.835,2024-10-12 02:08:28.038,yes,Human,,,,1.0,5.0,5.0,,,,,answer,
2024-10-12 02:08:28.038,2024-10-12 02:08:28.039,"Let's see, no, for me the bald man is in spot 2. You can now fill in this position.",Robot,,,,1.0,5.0,5.0,3.0,3.0,inner,correct,ack-done,
2024-10-12 02:08:28.039,2024-10-12 02:08:34.218,This round is finished. Please press the button to continue to the next one.,Robot,,,,1.0,,,,,,,,
2024-10-12 02:08:34.218,2024-10-12 02:08:40.652,,,,,,1.0,,,,,,,,2.0
2024-10-12 02:08:40.652,2024-10-12 02:08:40.653,Let's continue!,Robot,,,,2.0,,,,,,,,
2024-10-12 02:08:40.653,2024-10-12 02:08:50.873,Who is in spot 1 for you?,Robot,,,,2.0,6.0,1.0,,,,,,
2024-10-12 02:08:50.873,2024-10-12 02:08:51.450,brown hair woman,Human,12.0,0.3605246768649038,SUCCESS_LOW,2.0,6.0,1.0,12.0,,outer,,answer-description,
2024-10-12 02:08:51.450,2024-10-12 02:08:55.875,the woman with dark hair?,Robot,,,,2.0,6.0,1.0,,,,,req-clar,
2024-10-12 02:08:55.875,2024-10-12 02:08:55.949,yes,Human,,,,2.0,6.0,1.0,,,,,answer,
2024-10-12 02:08:55.949,2024-10-12 02:08:55.950,"Oh, the woman with dark hair is in spot 4 for me.",Robot,,,,2.0,6.0,1.0,12.0,12.0,outer,correct,ack-done,
2024-10-12 02:08:55.950,2024-10-12 02:09:02.313,"Okay, and the one in spot 2?",Robot,,,,2.0,7.0,2.0,,,,,,
2024-10-12 02:09:02.313,2024-10-12 02:09:07.423,,,,,,2.0,,,,,,,,4.0
2024-10-12 02:09:07.423,2024-10-12 02:09:08.015,bald man,Human,3.0,0.3640675266512997,SUCCESS_LOW,2.0,7.0,2.0,3.0,,inner,,answer-description,
2024-10-12 02:09:08.015,2024-10-12 02:09:11.910,the bald man?,Robot,,,,2.0,7.0,2.0,,,,,req-clar,
2024-10-12 02:09:11.910,2024-10-12 02:09:11.982,yes,Human,,,,2.0,7.0,2.0,,,,,answer,
2024-10-12 02:09:11.982,2024-10-12 02:09:11.983,"Let's see, no, for me the bald man is in spot 1.",Robot,,,,2.0,7.0,2.0,3.0,3.0,inner,correct,ack-done,
2024-10-12 02:09:11.983,2024-10-12 02:09:17.653,"Okay, let's move on to spot 3.",Robot,,,,2.0,8.0,3.0,,,,,,
2024-10-12 02:09:17.653,2024-10-12 02:09:24.164,,,,,,2.0,,,,,,,,1.0
2024-10-12 02:09:24.164,2024-10-12 02:09:24.823,blonde hair woman,Human,1.0,0.6216267129062258,SUCCESS_HIGH,2.0,8.0,3.0,1.0,,inner,,answer-description,
2024-10-12 02:09:24.823,2024-10-12 02:09:24.824,"Hey, the woman with blonde hair is also in that spot for me.",Robot,,,,2.0,8.0,3.0,1.0,1.0,inner,correct,ack-done,
2024-10-12 02:09:24.824,2024-10-12 02:09:31.535,"Okay, and the one in spot 4?",Robot,,,,2.0,9.0,4.0,,,,,,
2024-10-12 02:09:31.535,2024-10-12 02:09:40.033,,,,,,2.0,,,,,,,,3.0
2024-10-12 02:09:40.033,2024-10-12 02:09:40.692,man with dark hair,Human,12.0,0.1733062822843725,MATCH_PREVIOUS,2.0,9.0,4.0,4.0,,outer,,answer-description,
2024-10-12 02:09:40.692,2024-10-12 02:09:56.565,"Wait a second, I thought we already had this one before. Can you describe it again?",Robot,,,,2.0,9.0,4.0,,,,,req-clar,
2024-10-12 02:09:56.565,2024-10-12 02:09:57.381,dark hair with glasses man,Human,4.0,0.0008217351294355,MATCH_MULTIPLE,2.0,9.0,4.0,4.0,,outer,,clar-repair,
2024-10-12 02:09:57.381,2024-10-12 02:10:01.746,the man with brown hair?,Robot,,,,2.0,9.0,4.0,,,,,req-clar,
2024-10-12 02:10:01.746,2024-10-12 02:10:02.007,yes,Human,4.0,1.0,SUCCESS_HIGH,2.0,9.0,4.0,4.0,,outer,,clar-repair,
2024-10-12 02:10:02.007,2024-10-12 02:10:02.008,"Let's see, no, for me the man with brown hair is in spot 5.",Robot,,,,2.0,9.0,4.0,4.0,4.0,outer,correct,ack-done,
2024-10-12 02:10:02.008,2024-10-12 02:10:08.736,And spot 5?,Robot,,,,2.0,10.0,5.0,,,,,,
2024-10-12 02:10:08.736,2024-10-12 02:10:12.950,,,,,,2.0,,,,,,,,5.0
2024-10-12 02:10:12.950,2024-10-12 02:10:13.832,grey hair man,Human,2.0,0.3727665712300564,SUCCESS_LOW,2.0,10.0,5.0,2.0,,inner,,answer-description,
2024-10-12 02:10:13.832,2024-10-12 02:10:25.780,the old man?,Robot,,,,2.0,10.0,5.0,,,,,req-clar,
2024-10-12 02:10:25.780,2024-10-12 02:10:26.112,yes with glasses and grey hair,Human,,,,2.0,10.0,5.0,,,,,answer,
2024-10-12 02:10:26.112,2024-10-12 02:10:26.113,"Let's see, no, for me the old man is in spot 2.",Robot,,,,2.0,10.0,5.0,2.0,2.0,inner,correct,ack-done,
2024-10-12 02:10:26.113,2024-10-12 02:10:31.370,Okay. Let's move on to the next round.,Robot,,,,2.0,,,,,,,,
2024-10-12 02:10:31.370,2024-10-12 02:10:32.506,,,,,,2.0,,,,,,,,2.0
2024-10-12 02:10:32.506,2024-10-12 02:10:32.507,Let's continue!,Robot,,,,3.0,,,,,,,,
2024-10-12 02:10:32.507,2024-10-12 02:10:44.863,Who is in spot 1 for you?,Robot,,,,3.0,11.0,1.0,,,,,,
2024-10-12 02:10:44.863,2024-10-12 02:10:45.460,old man with grey hair,Human,2.0,0.425560666719842,SUCCESS_LOW,3.0,11.0,1.0,2.0,,inner,,answer-description,
2024-10-12 02:10:45.460,2024-10-12 02:10:49.618,the man with grey hair?,Robot,,,,3.0,11.0,1.0,,,,,req-clar,
2024-10-12 02:10:49.618,2024-10-12 02:10:49.694,yes,Human,,,,3.0,11.0,1.0,,,,,answer,
2024-10-12 02:10:49.694,2024-10-12 02:10:49.695,For me the man with grey hair is in spot 2. It's going well!,Robot,,,,3.0,11.0,1.0,2.0,2.0,inner,correct,ack-done; encourage,
2024-10-12 02:10:49.695,2024-10-12 02:11:01.190,And the one in spot 2?,Robot,,,,3.0,12.0,2.0,,,,,,
2024-10-12 02:11:01.190,2024-10-12 02:11:01.857,does he have glasses,Human,9.0,0.6045115108962769,SUCCESS_HIGH,3.0,12.0,2.0,3.0,,inner,,answer-description,
2024-10-12 02:11:01.857,2024-10-12 02:11:01.858,"Let's see, no, for me the woman with glasses is in spot 1.",Robot,,,,3.0,12.0,2.0,3.0,9.0,inner,incorrect,ack-done,
2024-10-12 02:11:01.858,2024-10-12 02:11:21.982,"Okay, and spot 3?",Robot,,,,3.0,13.0,3.0,,,,,,
2024-10-12 02:11:21.982,2024-10-12 02:11:28.184,,,,,,3.0,,,,,,,,1.0
2024-10-12 02:11:28.184,2024-10-12 02:11:34.564,,,,,,3.0,,,,,,,,2.0
2024-10-12 02:11:34.564,2024-10-12 02:11:35.317,little boy,Human,8.0,1.0,SUCCESS_HIGH,3.0,13.0,3.0,8.0,,outer,,answer-description,
2024-10-12 02:11:35.317,2024-10-12 02:11:35.318,"Hey, the child is also in that spot for me. It's going well!",Robot,,,,3.0,13.0,3.0,8.0,8.0,outer,correct,ack-done; encourage,
2024-10-12 02:11:35.318,2024-10-12 02:11:47.760,"Okay, let's move on to spot 4.",Robot,,,,3.0,14.0,4.0,,,,,,
2024-10-12 02:11:47.760,2024-10-12 02:11:53.151,,,,,,3.0,,,,,,,,3.0
2024-10-12 02:11:53.151,2024-10-12 02:11:53.936,woman with glasses,Human,1.0,0.3457826474176619,SUCCESS_LOW,3.0,14.0,4.0,9.0,,outer,,answer-description,
2024-10-12 02:11:53.936,2024-10-12 02:11:59.162,the woman with earrings?,Robot,,,,3.0,14.0,4.0,,,,,req-clar,
2024-10-12 02:11:59.162,2024-10-12 02:11:59.374,no,Human,,,,3.0,14.0,4.0,,,,,clar-negative,
2024-10-12 02:11:59.374,2024-10-12 02:11:59.375,"Okay, let's try again.",Robot,,,,3.0,14.0,4.0,,,,,ack,
2024-10-12 02:11:59.375,2024-10-12 02:12:09.305,Who is in spot 4 for you?,Robot,,,,3.0,14.0,4.0,,,,,,
2024-10-12 02:12:09.305,2024-10-12 02:12:10.460,blonde woman with glasses,Human,9.0,0.4124991765869227,MATCH_PREVIOUS,3.0,14.0,4.0,9.0,,outer,,answer-description,
2024-10-12 02:12:10.460,2024-10-12 02:12:21.521,"Wait a second, I thought we already had this one before. Can you describe it again?",Robot,,,,3.0,14.0,4.0,,,,,req-clar,
2024-10-12 02:12:21.521,2024-10-12 02:12:22.405,yes we had it before,Human,0.0,1.0,NO_MATCH,3.0,14.0,4.0,9.0,,outer,,clar-repair,
2024-10-12 02:12:22.405,2024-10-12 02:12:37.964,"I'm sorry, I didn't understand you. Could you describe it again?",Robot,,,,3.0,14.0,4.0,,,,,req-repeat,
2024-10-12 02:12:37.964,2024-10-12 02:12:38.754,blonde woman with glasses,Human,1.0,0.2640458679264428,SUCCESS_LOW,3.0,14.0,4.0,9.0,,outer,,clar-repeat,
2024-10-12 02:12:38.754,2024-10-12 02:12:43.975,the woman with earrings?,Robot,,,,3.0,14.0,4.0,,,,,req-clar,
2024-10-12 02:12:43.975,2024-10-12 02:12:44.279,yes,Human,,,,3.0,14.0,4.0,,,,,answer,
2024-10-12 02:12:44.279,2024-10-12 02:12:44.280,"Let's see, no, for me the woman with earrings is in spot 5.",Robot,,,,3.0,14.0,4.0,9.0,1.0,outer,incorrect,ack-done,
2024-10-12 02:12:44.280,2024-10-12 02:13:00.530,And the one in spot 5?,Robot,,,,3.0,15.0,5.0,,,,,,
2024-10-12 02:13:00.530,2024-10-12 02:13:05.168,,,,,,3.0,,,,,,,,5.0
2024-10-12 02:13:05.168,2024-10-12 02:13:06.255,bald man,Human,3.0,0.7012769827727033,SUCCESS_HIGH,3.0,15.0,5.0,1.0,,inner,,answer-description,
2024-10-12 02:13:06.255,2024-10-12 02:13:06.256,"Let's see, no, for me the bald man is in spot 4.",Robot,,,,3.0,15.0,5.0,1.0,3.0,inner,incorrect,ack-done,
2024-10-12 02:13:06.256,2024-10-12 02:13:14.078,"Okay, we went through all of them. Let's move on to the next round.",Robot,,,,3.0,,,,,,,,
2024-10-12 02:13:14.078,2024-10-12 02:13:15.441,,,,,,3.0,,,,,,,,4.0
2024-10-12 02:13:15.441,2024-10-12 02:13:15.442,Let's continue!,Robot,,,,4.0,,,,,,,,
2024-10-12 02:13:15.442,2024-10-12 02:13:24.462,Who is in spot 1 for you?,Robot,,,,4.0,16.0,1.0,,,,,,
2024-10-12 02:13:24.462,2024-10-12 02:13:25.285,old man with grey hair,Human,2.0,0.4446068112062851,SUCCESS_LOW,4.0,16.0,1.0,2.0,,inner,,answer-description,
2024-10-12 02:13:25.285,2024-10-12 02:13:31.498,the grey?,Robot,,,,4.0,16.0,1.0,,,,,req-clar,
2024-10-12 02:13:31.498,2024-10-12 02:13:31.729,yes,Human,,,,4.0,16.0,1.0,,,,,answer,
2024-10-12 02:13:31.729,2024-10-12 02:13:31.730,For me the grey is in spot 2.,Robot,,,,4.0,16.0,1.0,2.0,2.0,inner,correct,ack-done,
2024-10-12 02:13:31.730,2024-10-12 02:13:40.751,And spot 2?,Robot,,,,4.0,17.0,2.0,,,,,,
2024-10-12 02:13:40.751,2024-10-12 02:13:51.836,,,,,,4.0,,,,,,,,2.0
2024-10-12 02:13:51.836,2024-10-12 02:13:52.631,brown hair woman,Human,15.0,0.0129382315793812,MATCH_MULTIPLE,4.0,17.0,2.0,6.0,,outer,,answer-description,
2024-10-12 02:13:52.631,2024-10-12 02:14:02.598,the man with spiky hair?,Robot,,,,4.0,17.0,2.0,,,,,req-clar,
2024-10-12 02:14:02.598,2024-10-12 02:14:02.924,no,Human,0.0,1.0,NEG_RESPONSE,4.0,17.0,2.0,6.0,,outer,,clar-negative,
2024-10-12 02:14:02.924,2024-10-12 02:14:18.550,"Okay, can you describe it differently?",Robot,,,,4.0,17.0,2.0,,,,,req-clar,
2024-10-12 02:14:18.550,2024-10-12 02:14:19.270,she is wearing dark blue jumper,Human,6.0,0.8107189503890154,SUCCESS_HIGH,4.0,17.0,2.0,6.0,,outer,,clar-repair,
2024-10-12 02:14:19.270,2024-10-12 02:14:19.271,"Let's see, no, for me the woman with dark hair is in spot 5.",Robot,,,,4.0,17.0,2.0,6.0,6.0,outer,correct,ack-done,
2024-10-12 02:14:19.271,2024-10-12 02:14:31.278,And the one in spot 3?,Robot,,,,4.0,18.0,3.0,,,,,,
2024-10-12 02:14:31.278,2024-10-12 02:14:34.798,,,,,,4.0,,,,,,,,5.0
2024-10-12 02:14:34.798,2024-10-12 02:14:35.551,bald man,Human,3.0,0.4190801022316804,SUCCESS_LOW,4.0,18.0,3.0,3.0,,inner,,answer-description,
2024-10-12 02:14:35.551,2024-10-12 02:14:44.612,the man with beard?,Robot,,,,4.0,18.0,3.0,,,,,req-clar,
2024-10-12 02:14:44.612,2024-10-12 02:14:44.936,yes,Human,,,,4.0,18.0,3.0,,,,,answer,
2024-10-12 02:14:44.936,2024-10-12 02:14:44.937,For me the man with beard is in spot 1.,Robot,,,,4.0,18.0,3.0,3.0,3.0,inner,correct,ack-done,
2024-10-12 02:14:44.937,2024-10-12 02:14:49.308,And the one in spot 4?,Robot,,,,4.0,19.0,4.0,,,,,,
2024-10-12 02:14:49.308,2024-10-12 02:14:54.163,,,,,,4.0,,,,,,,,1.0
2024-10-12 02:14:54.163,2024-10-12 02:14:55.212,spiky hair guy,Human,15.0,0.303284387531488,SUCCESS_LOW,4.0,19.0,4.0,15.0,,outer,,answer-description,
2024-10-12 02:14:55.212,2024-10-12 02:14:59.240,the man with spiky hair?,Robot,,,,4.0,19.0,4.0,,,,,req-clar,
2024-10-12 02:14:59.240,2024-10-12 02:14:59.318,yes,Human,,,,4.0,19.0,4.0,,,,,answer,
2024-10-12 02:14:59.318,2024-10-12 02:14:59.319,"Ah, the man with spiky hair is also in spot 4 for me.",Robot,,,,4.0,19.0,4.0,15.0,15.0,outer,correct,ack-done,
2024-10-12 02:14:59.319,2024-10-12 02:15:04.846,And the one in spot 5?,Robot,,,,4.0,20.0,5.0,,,,,,
2024-10-12 02:15:04.846,2024-10-12 02:15:10.460,,,,,,4.0,,,,,,,,4.0
2024-10-12 02:15:10.460,2024-10-12 02:15:11.818,bonde woman,Human,1.0,0.6151598735457232,SUCCESS_HIGH,4.0,20.0,5.0,1.0,,inner,,answer-description,
2024-10-12 02:15:11.818,2024-10-12 02:15:11.819,For me the woman is in spot 3. Keep it up!,Robot,,,,4.0,20.0,5.0,1.0,1.0,inner,correct,ack-done; encourage,
2024-10-12 02:15:11.819,2024-10-12 02:15:17.678,Okay. Let's move on to the next round.,Robot,,,,4.0,,,,,,,,
2024-10-12 02:15:17.678,2024-10-12 02:15:18.794,,,,,,4.0,,,,,,,,3.0
2024-10-12 02:15:18.794,2024-10-12 02:15:18.795,Let's continue!,Robot,,,,5.0,,,,,,,,
2024-10-12 02:15:18.795,2024-10-12 02:15:24.842,Who is in spot 1 for you?,Robot,,,,5.0,21.0,1.0,,,,,,
2024-10-12 02:15:24.842,2024-10-12 02:15:25.961,grey hair,Human,2.0,1.0,SUCCESS_HIGH,5.0,21.0,1.0,2.0,,inner,,answer-description,
2024-10-12 02:15:25.961,2024-10-12 02:15:25.962,"Oh, the grey is in spot 2 for me. It's going well!",Robot,,,,5.0,21.0,1.0,2.0,2.0,inner,correct,ack-done; encourage,
2024-10-12 02:15:25.962,2024-10-12 02:15:33.561,"Okay, let's move on to spot 2.",Robot,,,,5.0,22.0,2.0,,,,,,
2024-10-12 02:15:33.561,2024-10-12 02:15:43.087,,,,,,5.0,,,,,,,,2.0
2024-10-12 02:15:43.087,2024-10-12 02:15:44.198,long brown hair woman with glasses,Human,11.0,0.2240768213169174,SUCCESS_LOW,5.0,22.0,2.0,11.0,,outer,,answer-description,
2024-10-12 02:15:44.198,2024-10-12 02:15:48.664,the woman with long hair?,Robot,,,,5.0,22.0,2.0,,,,,req-clar,
2024-10-12 02:15:48.664,2024-10-12 02:15:48.739,yes,Human,,,,5.0,22.0,2.0,,,,,answer,
2024-10-12 02:15:48.739,2024-10-12 02:15:48.740,For me the woman with long hair is in spot 3.,Robot,,,,5.0,22.0,2.0,11.0,11.0,outer,correct,ack-done,
2024-10-12 02:15:48.740,2024-10-12 02:15:54.479,And the one in spot 3?,Robot,,,,5.0,23.0,3.0,,,,,,
2024-10-12 02:15:54.479,2024-10-12 02:16:12.779,,,,,,5.0,,,,,,,,3.0
2024-10-12 02:16:12.779,2024-10-12 02:16:13.629,man with short brown hair,Human,36.0,0.2538448512869686,SUCCESS_LOW,5.0,23.0,3.0,36.0,,outer,,answer-description,
2024-10-12 02:16:13.629,2024-10-12 02:16:18.845,the man with curls?,Robot,,,,5.0,23.0,3.0,,,,,req-clar,
2024-10-12 02:16:18.845,2024-10-12 02:16:19.209,yes,Human,,,,5.0,23.0,3.0,,,,,answer,
2024-10-12 02:16:19.209,2024-10-12 02:16:19.210,"Oh, the man with curls is in spot 1 for me.",Robot,,,,5.0,23.0,3.0,36.0,36.0,outer,correct,ack-done,
2024-10-12 02:16:19.210,2024-10-12 02:16:24.624,And the figure in spot 4?,Robot,,,,5.0,24.0,4.0,,,,,,
2024-10-12 02:16:24.624,2024-10-12 02:16:30.092,,,,,,5.0,,,,,,,,1.0
2024-10-12 02:16:30.092,2024-10-12 02:16:31.735,blonde woman,Human,1.0,0.6297417612352957,SUCCESS_HIGH,5.0,24.0,4.0,1.0,,inner,,answer-description,
2024-10-12 02:16:31.735,2024-10-12 02:16:31.736,"Let's see, no, for me the woman with blonde hair is in spot 5.",Robot,,,,5.0,24.0,4.0,1.0,1.0,inner,correct,ack-done,
2024-10-12 02:16:31.736,2024-10-12 02:16:39.410,And spot 5?,Robot,,,,5.0,25.0,5.0,,,,,,
2024-10-12 02:16:39.410,2024-10-12 02:16:42.503,,,,,,5.0,,,,,,,,5.0
2024-10-12 02:16:42.503,2024-10-12 02:16:43.868,bald man,Human,3.0,0.5015614602193845,SUCCESS_LOW,5.0,25.0,5.0,3.0,,inner,,answer-description,
2024-10-12 02:16:43.868,2024-10-12 02:16:47.257,the bald man?,Robot,,,,5.0,25.0,5.0,,,,,req-clar,
2024-10-12 02:16:47.257,2024-10-12 02:16:47.344,yes,Human,,,,5.0,25.0,5.0,,,,,answer,
2024-10-12 02:16:47.344,2024-10-12 02:16:47.345,"Oh, the bald man is in spot 4 for me.",Robot,,,,5.0,25.0,5.0,3.0,3.0,inner,correct,ack-done,
2024-10-12 02:16:47.345,2024-10-12 02:16:52.351,"Okay, we went through all of them. Let's move on to the next round.",Robot,,,,5.0,,,,,,,,
2024-10-12 02:16:52.351,2024-10-12 02:16:54.094,,,,,,5.0,,,,,,,,4.0
2024-10-12 02:16:54.094,2024-10-12 02:16:54.095,Let's continue!,Robot,,,,6.0,,,,,,,,
2024-10-12 02:16:54.095,2024-10-12 02:17:06.607,Who is in spot 1 for you?,Robot,,,,6.0,26.0,1.0,,,,,,
2024-10-12 02:17:06.607,2024-10-12 02:17:07.527,medium blonde hair,Human,7.0,0.0293545373851694,MATCH_MULTIPLE,6.0,26.0,1.0,7.0,,outer,,answer-description,
2024-10-12 02:17:07.527,2024-10-12 02:17:12.336,the woman with long hair?,Robot,,,,6.0,26.0,1.0,,,,,req-clar,
2024-10-12 02:17:12.336,2024-10-12 02:17:12.411,yes,Human,7.0,1.0,SUCCESS_HIGH,6.0,26.0,1.0,7.0,,outer,,clar-repair,
2024-10-12 02:17:12.411,2024-10-12 02:17:12.412,For me the woman with long hair is in spot 4.,Robot,,,,6.0,26.0,1.0,7.0,7.0,outer,correct,ack-done,
2024-10-12 02:17:12.412,2024-10-12 02:17:19.360,And the one in spot 2?,Robot,,,,6.0,27.0,2.0,,,,,,
2024-10-12 02:17:19.360,2024-10-12 02:17:23.871,,,,,,6.0,,,,,,,,4.0
2024-10-12 02:17:23.871,2024-10-12 02:17:25.137,the bald man,Human,3.0,0.0566365872024703,MATCH_MULTIPLE,6.0,27.0,2.0,3.0,,inner,,answer-description,
2024-10-12 02:17:25.137,2024-10-12 02:17:30.821,the bald man?,Robot,,,,6.0,27.0,2.0,,,,,req-clar,
2024-10-12 02:17:30.821,2024-10-12 02:17:31.254,yes,Human,3.0,1.0,SUCCESS_HIGH,6.0,27.0,2.0,3.0,,inner,,clar-repair,
2024-10-12 02:17:31.254,2024-10-12 02:17:31.255,"Hey, the bald man is also in that spot for me.",Robot,,,,6.0,27.0,2.0,3.0,3.0,inner,correct,ack-done,
2024-10-12 02:17:31.255,2024-10-12 02:17:37.463,"Okay, and the one in spot 3?",Robot,,,,6.0,28.0,3.0,,,,,,
2024-10-12 02:17:37.463,2024-10-12 02:17:52.071,,,,,,6.0,,,,,,,,2.0
2024-10-12 02:17:52.071,2024-10-12 02:17:52.986,man with dark hair,Human,5.0,0.0030774338209185,MATCH_MULTIPLE,6.0,28.0,3.0,5.0,,outer,,answer-description,
2024-10-12 02:17:52.986,2024-10-12 02:17:58.728,the man with beard?,Robot,,,,6.0,28.0,3.0,,,,,req-clar,
2024-10-12 02:17:58.728,2024-10-12 02:17:59.085,yes,Human,5.0,1.0,SUCCESS_HIGH,6.0,28.0,3.0,5.0,,outer,,clar-repair,
2024-10-12 02:17:59.085,2024-10-12 02:17:59.086,"Oh, the man with beard is in spot 4 for me.",Robot,,,,6.0,28.0,3.0,5.0,5.0,outer,correct,ack-done,
2024-10-12 02:17:59.086,2024-10-12 02:18:04.396,"Okay, let's move on to spot 4.",Robot,,,,6.0,29.0,4.0,,,,,,
2024-10-12 02:18:04.396,2024-10-12 02:18:08.117,,,,,,6.0,,,,,,,,4.0
2024-10-12 02:18:08.117,2024-10-12 02:18:09.036,grey man,Human,2.0,1.0,SUCCESS_HIGH,6.0,29.0,4.0,2.0,,inner,,answer-description,
2024-10-12 02:18:09.036,2024-10-12 02:18:09.037,"Oh, the grey is in spot 3 for me. Keep it up!",Robot,,,,6.0,29.0,4.0,2.0,2.0,inner,correct,ack-done; encourage,
2024-10-12 02:18:09.037,2024-10-12 02:18:13.847,"Okay, let's move on to spot 5.",Robot,,,,6.0,30.0,5.0,,,,,,
2024-10-12 02:18:13.847,2024-10-12 02:18:19.237,,,,,,6.0,,,,,,,,3.0
2024-10-12 02:18:19.237,2024-10-12 02:18:20.364,short hair blonde,Human,1.0,0.3304648084881991,SUCCESS_LOW,6.0,30.0,5.0,1.0,,inner,,answer-description,
2024-10-12 02:18:20.364,2024-10-12 02:18:26.678,the woman with bob?,Robot,,,,6.0,30.0,5.0,,,,,req-clar,
2024-10-12 02:18:26.678,2024-10-12 02:18:26.882,yes,Human,,,,6.0,30.0,5.0,,,,,answer,
2024-10-12 02:18:26.882,2024-10-12 02:18:26.883,For me the woman with bob is in spot 1.,Robot,,,,6.0,30.0,5.0,1.0,1.0,inner,correct,ack-done,
2024-10-12 02:18:26.883,2024-10-12 02:18:32.363,That was all of them. We can continue to the next round.,Robot,,,,6.0,,,,,,,,
2024-10-12 02:18:32.363,2024-10-12 02:18:33.581,,,,,,6.0,,,,,,,,1.0
2024-10-12 02:18:33.581,2024-10-12 02:18:33.582,Let's continue!,Robot,,,,7.0,,,,,,,,
2024-10-12 02:18:33.582,2024-10-12 02:18:39.787,Who is in spot 1 for you?,Robot,,,,7.0,31.0,1.0,,,,,,
2024-10-12 02:18:39.787,2024-10-12 02:18:41.454,grey hair man,Human,2.0,0.3259781712506544,SUCCESS_LOW,7.0,31.0,1.0,2.0,,inner,,answer-description,
2024-10-12 02:18:41.454,2024-10-12 02:18:45.471,the grey?,Robot,,,,7.0,31.0,1.0,,,,,req-clar,
2024-10-12 02:18:45.471,2024-10-12 02:18:45.543,yes,Human,,,,7.0,31.0,1.0,,,,,answer,
2024-10-12 02:18:45.543,2024-10-12 02:18:45.544,For me the grey is in spot 2.,Robot,,,,7.0,31.0,1.0,2.0,2.0,inner,correct,ack-done,
2024-10-12 02:18:45.544,2024-10-12 02:18:50.908,And spot 2?,Robot,,,,7.0,32.0,2.0,,,,,,
2024-10-12 02:18:50.908,2024-10-12 02:18:54.083,,,,,,7.0,,,,,,,,2.0
2024-10-12 02:18:54.083,2024-10-12 02:18:54.870,the bald man,Human,3.0,0.4357174030828136,SUCCESS_LOW,7.0,32.0,2.0,3.0,,inner,,answer-description,
2024-10-12 02:18:54.870,2024-10-12 02:18:58.779,the man with beard?,Robot,,,,7.0,32.0,2.0,,,,,req-clar,
2024-10-12 02:18:58.779,2024-10-12 02:18:58.859,yes,Human,,,,7.0,32.0,2.0,,,,,answer,
2024-10-12 02:18:58.859,2024-10-12 02:18:58.860,For me the man with beard is in spot 1.,Robot,,,,7.0,32.0,2.0,3.0,3.0,inner,correct,ack-done,
2024-10-12 02:18:58.860,2024-10-12 02:19:03.767,And the one in spot 3?,Robot,,,,7.0,33.0,3.0,,,,,,
2024-10-12 02:19:03.767,2024-10-12 02:19:09.550,,,,,,7.0,,,,,,,,1.0
2024-10-12 02:19:09.550,2024-10-12 02:19:10.369,kid,Human,39.0,0.438087994892531,SUCCESS_LOW,7.0,33.0,3.0,39.0,,outer,,answer-description,
2024-10-12 02:19:10.369,2024-10-12 02:19:14.783,the girl?,Robot,,,,7.0,33.0,3.0,,,,,req-clar,
2024-10-12 02:19:14.783,2024-10-12 02:19:15.108,yes,Human,,,,7.0,33.0,3.0,,,,,answer,
2024-10-12 02:19:15.108,2024-10-12 02:19:15.109,For me the girl is in spot 4.,Robot,,,,7.0,33.0,3.0,39.0,39.0,outer,correct,ack-done,
2024-10-12 02:19:15.109,2024-10-12 02:19:20.050,And the one in spot 4?,Robot,,,,7.0,34.0,4.0,,,,,,
2024-10-12 02:19:20.050,2024-10-12 02:19:28.343,,,,,,7.0,,,,,,,,4.0
2024-10-12 02:19:28.343,2024-10-12 02:19:29.705,dark hair man,Human,34.0,0.6542246521914946,SUCCESS_HIGH,7.0,34.0,4.0,34.0,,outer,,answer-description,
2024-10-12 02:19:29.705,2024-10-12 02:19:29.706,"Let's see, no, for me the man with dark hair is in spot 5.",Robot,,,,7.0,34.0,4.0,34.0,34.0,outer,correct,ack-done,
2024-10-12 02:19:29.706,2024-10-12 02:19:35.122,And the figure in spot 5?,Robot,,,,7.0,35.0,5.0,,,,,,
2024-10-12 02:19:35.122,2024-10-12 02:19:42.043,,,,,,7.0,,,,,,,,5.0
2024-10-12 02:19:42.043,2024-10-12 02:19:43.709,blonde woman,Human,1.0,0.6297417612352956,SUCCESS_HIGH,7.0,35.0,5.0,1.0,,inner,,answer-description,
2024-10-12 02:19:43.709,2024-10-12 02:19:43.710,For me the woman with blonde hair is in spot 3.,Robot,,,,7.0,35.0,5.0,1.0,1.0,inner,correct,ack-done,
2024-10-12 02:19:43.710,2024-10-12 02:19:48.228,"Okay, we went through all of them. Let's move on to the next round.",Robot,,,,7.0,,,,,,,,
2024-10-12 02:19:48.228,2024-10-12 02:19:49.239,,,,,,7.0,,,,,,,,3.0
2024-10-12 02:19:49.239,2024-10-12 02:19:49.240,Let's continue!,Robot,,,,8.0,,,,,,,,
2024-10-12 02:19:49.240,2024-10-12 02:19:53.013,Who is in spot 1 for you?,Robot,,,,8.0,36.0,1.0,,,,,,
2024-10-12 02:19:53.013,2024-10-12 02:19:54.416,grey,Human,2.0,1.0,SUCCESS_HIGH,8.0,36.0,1.0,2.0,,inner,,answer-description,
2024-10-12 02:19:54.416,2024-10-12 02:19:54.417,"Oh, the grey is in spot 2 for me.",Robot,,,,8.0,36.0,1.0,2.0,2.0,inner,correct,ack-done,
2024-10-12 02:19:54.417,2024-10-12 02:20:01.976,And spot 2?,Robot,,,,8.0,37.0,2.0,,,,,,
2024-10-12 02:20:01.976,2024-10-12 02:20:08.985,,,,,,8.0,,,,,,,,2.0
2024-10-12 02:20:08.985,2024-10-12 02:20:10.493,dark hair woman,Human,1.0,0.0010181063939702,MATCH_MULTIPLE,8.0,37.0,2.0,38.0,,outer,,answer-description,
2024-10-12 02:20:10.493,2024-10-12 02:20:29.922,the woman with short hair?,Robot,,,,8.0,37.0,2.0,,,,,req-clar,
2024-10-12 02:20:29.922,2024-10-12 02:20:31.137,she has a green jumper,Human,0.0,1.0,NO_MATCH,8.0,37.0,2.0,38.0,,outer,,clar-repair,
2024-10-12 02:20:31.137,2024-10-12 02:20:39.909,"I'm sorry, I didn't understand you. Could you describe it again?",Robot,,,,8.0,37.0,2.0,,,,,req-repeat,
2024-10-12 02:20:39.909,2024-10-12 02:20:40.789,green shirt woman,Human,0.0,1.0,NO_MATCH,8.0,37.0,2.0,38.0,,outer,,clar-repeat,
2024-10-12 02:20:40.789,2024-10-12 02:20:53.643,"I'm sorry, I didn't understand you. Could you describe it again?",Robot,,,,8.0,37.0,2.0,,,,,req-repeat,
2024-10-12 02:20:53.643,2024-10-12 02:20:54.649,short dark hair,Human,38.0,1.0,SUCCESS_HIGH,8.0,37.0,2.0,38.0,,outer,,clar-repeat,
2024-10-12 02:20:54.649,2024-10-12 02:20:54.650,"Oh, the woman with dark hair is in spot 3 for me.",Robot,,,,8.0,37.0,2.0,38.0,38.0,outer,correct,ack-done,
2024-10-12 02:20:54.650,2024-10-12 02:21:01.592,And the figure in spot 3?,Robot,,,,8.0,38.0,3.0,,,,,,
2024-10-12 02:21:01.592,2024-10-12 02:21:22.757,,,,,,8.0,,,,,,,,3.0
2024-10-12 02:21:22.757,2024-10-12 02:21:23.665,bald man no beard,Human,3.0,0.4379250748313598,SUCCESS_LOW,8.0,38.0,3.0,13.0,,outer,,answer-description,
2024-10-12 02:21:23.665,2024-10-12 02:21:28.720,the man with beard?,Robot,,,,8.0,38.0,3.0,,,,,req-clar,
2024-10-12 02:21:28.720,2024-10-12 02:21:28.794,no,Human,,,,8.0,38.0,3.0,,,,,clar-negative,
2024-10-12 02:21:28.794,2024-10-12 02:21:28.795,"Okay, let's try again.",Robot,,,,8.0,38.0,3.0,,,,,ack,
2024-10-12 02:21:28.795,2024-10-12 02:21:48.632,Who is in spot 3 for you?,Robot,,,,8.0,38.0,3.0,,,,,,
2024-10-12 02:21:48.632,2024-10-12 02:21:50.001,man with blue tshirt,Human,13.0,0.6045115108962767,SUCCESS_HIGH,8.0,38.0,3.0,13.0,,outer,,answer-description,
2024-10-12 02:21:50.001,2024-10-12 02:21:50.002,"Oh, the man is in spot 1 for me.",Robot,,,,8.0,38.0,3.0,13.0,13.0,outer,correct,ack-done,
2024-10-12 02:21:50.002,2024-10-12 02:21:56.885,And the figure in spot 4?,Robot,,,,8.0,39.0,4.0,,,,,,
2024-10-12 02:21:56.885,2024-10-12 02:22:04.856,,,,,,8.0,,,,,,,,1.0
2024-10-12 02:22:04.856,2024-10-12 02:22:06.403,blonde woman,Human,1.0,1.0,SUCCESS_HIGH,8.0,39.0,4.0,1.0,,inner,,answer-description,
2024-10-12 02:22:06.403,2024-10-12 02:22:06.404,For me the woman with blonde hair is in spot 5.,Robot,,,,8.0,39.0,4.0,1.0,1.0,inner,correct,ack-done,
2024-10-12 02:22:06.404,2024-10-12 02:22:12.861,"Okay, and the one in spot 5?",Robot,,,,8.0,40.0,5.0,,,,,,
2024-10-12 02:22:12.861,2024-10-12 02:22:20.156,,,,,,8.0,,,,,,,,5.0
2024-10-12 02:22:20.156,2024-10-12 02:22:21.843,bald,Human,3.0,0.6297417612352957,SUCCESS_HIGH,8.0,40.0,5.0,3.0,,inner,,answer-description,
2024-10-12 02:22:21.843,2024-10-12 02:22:21.844,"Oh, the bald man is in spot 4 for me.",Robot,,,,8.0,40.0,5.0,3.0,3.0,inner,correct,ack-done,
2024-10-12 02:22:21.844,2024-10-12 02:22:31.583,This round is finished. Please press the button to continue to the next one.,Robot,,,,8.0,,,,,,,,
2024-10-12 02:22:31.583,2024-10-12 02:22:32.954,,,,,,8.0,,,,,,,,4.0
2024-10-12 02:22:32.954,2024-10-12 02:22:32.955,Let's continue!,Robot,,,,9.0,,,,,,,,
2024-10-12 02:22:32.955,2024-10-12 02:22:37.425,Who is in spot 1 for you?,Robot,,,,9.0,41.0,1.0,,,,,,
2024-10-12 02:22:37.425,2024-10-12 02:22:38.304,grey,Human,2.0,1.0,SUCCESS_HIGH,9.0,41.0,1.0,2.0,,inner,,answer-description,
2024-10-12 02:22:38.304,2024-10-12 02:22:38.305,For me the grey is in spot 2.,Robot,,,,9.0,41.0,1.0,2.0,2.0,inner,correct,ack-done,
2024-10-12 02:22:38.305,2024-10-12 02:22:43.924,And spot 2?,Robot,,,,9.0,42.0,2.0,,,,,,
2024-10-12 02:22:43.924,2024-10-12 02:23:02.294,,,,,,9.0,,,,,,,,2.0
2024-10-12 02:23:02.294,2024-10-12 02:23:03.210,short dark hair woman,Human,1.0,0.0303188760551268,MATCH_MULTIPLE,9.0,42.0,2.0,22.0,,outer,,answer-description,
2024-10-12 02:23:03.210,2024-10-12 02:23:06.964,the woman with blonde hair?,Robot,,,,9.0,42.0,2.0,,,,,req-clar,
2024-10-12 02:23:06.964,2024-10-12 02:23:07.269,no,Human,0.0,1.0,NEG_RESPONSE,9.0,42.0,2.0,22.0,,outer,,clar-negative,
2024-10-12 02:23:07.269,2024-10-12 02:23:14.997,"Okay, can you describe it differently?",Robot,,,,9.0,42.0,2.0,,,,,req-clar,
2024-10-12 02:23:14.997,2024-10-12 02:23:15.883,dark hair,Human,37.0,0.0097612160621869,MATCH_MULTIPLE,9.0,42.0,2.0,22.0,,outer,,clar-repair,
2024-10-12 02:23:15.883,2024-10-12 02:23:35.777,the man?,Robot,,,,9.0,42.0,2.0,,,,,req-clar,
2024-10-12 02:23:35.777,2024-10-12 02:23:35.872,no,Human,0.0,1.0,NEG_RESPONSE,9.0,42.0,2.0,22.0,,outer,,clar-negative,
2024-10-12 02:23:35.872,2024-10-12 02:23:35.873,"Sorry, I think I can't find this one. Let's skip this spot and move on to the next one. Please select 'not found' in the dropdown menu.",Robot,,,,9.0,42.0,2.0,22.0,0.0,outer,incorrect,nack,
2024-10-12 02:23:35.873,2024-10-12 02:23:45.879,And the one in spot 3?,Robot,,,,9.0,43.0,3.0,,,,,,
2024-10-12 02:23:45.879,2024-10-12 02:23:50.055,,,,,,9.0,,,,,,,,0.0
2024-10-12 02:23:50.055,2024-10-12 02:23:50.907,bald,Human,3.0,1.0,SUCCESS_HIGH,9.0,43.0,3.0,3.0,,inner,,answer-description,
2024-10-12 02:23:50.907,2024-10-12 02:23:50.908,For me the bald man is in spot 1.,Robot,,,,9.0,43.0,3.0,3.0,3.0,inner,correct,ack-done,
2024-10-12 02:23:50.908,2024-10-12 02:23:57.006,And the figure in spot 4?,Robot,,,,9.0,44.0,4.0,,,,,,
2024-10-12 02:23:57.006,2024-10-12 02:24:01.485,,,,,,9.0,,,,,,,,1.0
2024-10-12 02:24:01.485,2024-10-12 02:24:02.436,dark hair man,Human,37.0,0.0097612160621869,MATCH_MULTIPLE,9.0,44.0,4.0,37.0,,outer,,answer-description,
2024-10-12 02:24:02.436,2024-10-12 02:24:06.962,the man?,Robot,,,,9.0,44.0,4.0,,,,,req-clar,
2024-10-12 02:24:06.962,2024-10-12 02:24:07.057,yes,Human,37.0,1.0,SUCCESS_HIGH,9.0,44.0,4.0,37.0,,outer,,clar-repair,
2024-10-12 02:24:07.057,2024-10-12 02:24:07.058,"Hey, the man is also in that spot for me.",Robot,,,,9.0,44.0,4.0,37.0,37.0,outer,correct,ack-done,
2024-10-12 02:24:07.058,2024-10-12 02:24:12.661,And the figure in spot 5?,Robot,,,,9.0,45.0,5.0,,,,,,
2024-10-12 02:24:12.661,2024-10-12 02:24:15.717,,,,,,9.0,,,,,,,,4.0
2024-10-12 02:24:15.717,2024-10-12 02:24:16.894,blonde,Human,1.0,1.0,SUCCESS_HIGH,9.0,45.0,5.0,1.0,,inner,,answer-description,
2024-10-12 02:24:16.894,2024-10-12 02:24:16.895,For me the woman with blonde hair is in spot 3.,Robot,,,,9.0,45.0,5.0,1.0,1.0,inner,correct,ack-done,
2024-10-12 02:24:16.895,2024-10-12 02:24:22.424,That's all for this round. Let's continue to the next round.,Robot,,,,9.0,,,,,,,,
2024-10-12 02:24:22.424,2024-10-12 02:24:25.957,,,,,,9.0,,,,,,,,3.0
2024-10-12 02:24:25.957,2024-10-12 02:24:25.958,Let's continue!,Robot,,,,10.0,,,,,,,,
2024-10-12 02:24:25.958,2024-10-12 02:24:43.038,Who is in spot 1 for you?,Robot,,,,10.0,46.0,1.0,,,,,,
2024-10-12 02:24:43.038,2024-10-12 02:24:44.028,woman with green trousers,Human,1.0,0.0001126447477271,MATCH_MULTIPLE,10.0,46.0,1.0,17.0,,outer,,answer-description,
2024-10-12 02:24:44.028,2024-10-12 02:24:59.422,the woman with straight hair?,Robot,,,,10.0,46.0,1.0,,,,,req-clar,
2024-10-12 02:24:59.422,2024-10-12 02:24:59.519,yes,Human,1.0,1.0,SUCCESS_HIGH,10.0,46.0,1.0,17.0,,outer,,clar-repair,
2024-10-12 02:24:59.519,2024-10-12 02:24:59.520,"Let's see, no, for me the woman with straight hair is in spot 5.",Robot,,,,10.0,46.0,1.0,17.0,1.0,outer,incorrect,ack-done,
2024-10-12 02:24:59.520,2024-10-12 02:25:06.306,"Okay, let's move on to spot 2.",Robot,,,,10.0,47.0,2.0,,,,,,
2024-10-12 02:25:06.306,2024-10-12 02:25:08.930,,,,,,10.0,,,,,,,,5.0
2024-10-12 02:25:08.930,2024-10-12 02:25:09.798,bald,Human,3.0,1.0,SUCCESS_HIGH,10.0,47.0,2.0,3.0,,inner,,answer-description,
2024-10-12 02:25:09.798,2024-10-12 02:25:09.799,For me the bald man is in spot 4.,Robot,,,,10.0,47.0,2.0,3.0,3.0,inner,correct,ack-done,
2024-10-12 02:25:09.799,2024-10-12 02:25:16.745,"Okay, let's move on to spot 3.",Robot,,,,10.0,48.0,3.0,,,,,,
2024-10-12 02:25:16.745,2024-10-12 02:25:28.776,,,,,,10.0,,,,,,,,4.0
2024-10-12 02:25:28.776,2024-10-12 02:25:29.692,brown hair man,Human,17.0,0.442572462942678,SUCCESS_LOW,10.0,48.0,3.0,41.0,,outer,,answer-description,
2024-10-12 02:25:29.692,2024-10-12 02:25:37.776,the woman with brown hair?,Robot,,,,10.0,48.0,3.0,,,,,req-clar,
2024-10-12 02:25:37.776,2024-10-12 02:25:38.268,no,Human,,,,10.0,48.0,3.0,,,,,clar-negative,
2024-10-12 02:25:38.268,2024-10-12 02:25:38.269,"Okay, let's try again.",Robot,,,,10.0,48.0,3.0,,,,,ack,
2024-10-12 02:25:38.269,2024-10-12 02:25:45.075,Who is in spot 3 for you?,Robot,,,,10.0,48.0,3.0,,,,,,
2024-10-12 02:25:45.075,2024-10-12 02:25:46.066,young man,Human,0.0,1.0,NO_MATCH,10.0,48.0,3.0,41.0,,outer,,answer-description,
2024-10-12 02:25:46.066,2024-10-12 02:26:00.991,"Sorry, I didn't understand you very well. Can you describe it again?",Robot,,,,10.0,48.0,3.0,,,,,req-repeat,
2024-10-12 02:26:00.991,2024-10-12 02:26:01.934,glasses young man,Human,41.0,0.0055059650058365,MATCH_MULTIPLE,10.0,48.0,3.0,41.0,,outer,,clar-repeat,
2024-10-12 02:26:01.934,2024-10-12 02:26:19.674,the man with blonde hair?,Robot,,,,10.0,48.0,3.0,,,,,req-clar,
2024-10-12 02:26:19.674,2024-10-12 02:26:20.559,brown hair,Human,17.0,1.0,SUCCESS_HIGH,10.0,48.0,3.0,41.0,,outer,,clar-repair,
2024-10-12 02:26:20.559,2024-10-12 02:26:20.560,For me the woman with brown hair is in spot 1.,Robot,,,,10.0,48.0,3.0,41.0,17.0,outer,incorrect,ack-done,
2024-10-12 02:26:20.560,2024-10-12 02:26:30.891,"Okay, and the one in spot 4?",Robot,,,,10.0,49.0,4.0,,,,,,
2024-10-12 02:26:30.891,2024-10-12 02:26:34.038,,,,,,10.0,,,,,,,,0.0
2024-10-12 02:26:34.038,2024-10-12 02:26:34.948,grey,Human,2.0,1.0,SUCCESS_HIGH,10.0,49.0,4.0,2.0,,inner,,answer-description,
2024-10-12 02:26:34.948,2024-10-12 02:26:34.949,"Oh, the grey is in spot 2 for me.",Robot,,,,10.0,49.0,4.0,2.0,2.0,inner,correct,ack-done,
2024-10-12 02:26:34.949,2024-10-12 02:26:42.722,"Okay, and the one in spot 5?",Robot,,,,10.0,50.0,5.0,,,,,,
2024-10-12 02:26:42.722,2024-10-12 02:26:47.443,,,,,,10.0,,,,,,,,2.0
2024-10-12 02:26:47.443,2024-10-12 02:26:48.405,blonde woman,Human,41.0,0.3688952712061406,SUCCESS_LOW,10.0,50.0,5.0,1.0,,inner,,answer-description,
2024-10-12 02:26:48.405,2024-10-12 02:26:53.779,the man with glasses?,Robot,,,,10.0,50.0,5.0,,,,,req-clar,
2024-10-12 02:26:53.779,2024-10-12 02:26:54.070,no,Human,,,,10.0,50.0,5.0,,,,,clar-negative,
2024-10-12 02:26:54.070,2024-10-12 02:26:54.071,"Okay, let's try again.",Robot,,,,10.0,50.0,5.0,,,,,ack,
2024-10-12 02:26:54.071,2024-10-12 02:27:05.761,Who is in spot 5 for you?,Robot,,,,10.0,50.0,5.0,,,,,,
2024-10-12 02:27:05.761,2024-10-12 02:27:06.706,light blue tshirt woman,Human,1.0,0.5736092125139446,MATCH_PREVIOUS,10.0,50.0,5.0,1.0,,inner,,answer-description,
2024-10-12 02:27:06.706,2024-10-12 02:27:21.890,"Hmm, let's see, I thought we already talked about this one before. Let's try again. Can you name something specific for this figure?",Robot,,,,10.0,50.0,5.0,,,,,req-clar,
2024-10-12 02:27:21.890,2024-10-12 02:27:23.198,blonde bob,Human,17.0,0.6051704399748771,MATCH_PREVIOUS,10.0,50.0,5.0,1.0,,inner,,clar-repair,
2024-10-12 02:27:23.198,2024-10-12 02:27:46.920,"Hmm, let's see, I thought we already talked about this one before. Let's try again. Can you name something specific for this figure?",Robot,,,,10.0,50.0,5.0,,,,,req-clar,
2024-10-12 02:27:46.920,2024-10-12 02:27:48.006,blue shirt,Human,0.0,1.0,NO_MATCH,10.0,50.0,5.0,1.0,,inner,,clar-repair,
2024-10-12 02:27:48.006,2024-10-12 02:27:48.007,"Sorry, I think I can't find this one. Let's skip this spot and move on to the next one. Please select 'not found' in the dropdown menu.",Robot,,,,10.0,50.0,5.0,1.0,0.0,inner,incorrect,nack,
2024-10-12 02:27:48.007,2024-10-12 02:27:54.357,This round is finished. Please press the button to continue to the next one.,Robot,,,,10.0,,,,,,,,
2024-10-12 02:27:54.357,2024-10-12 02:27:55.512,,,,,,10.0,,,,,,,,0.0
2024-10-12 02:27:55.512,2024-10-12 02:27:55.513,Let's continue!,Robot,,,,11.0,,,,,,,,
2024-10-12 02:27:55.513,2024-10-12 02:28:05.498,Who is in spot 1 for you?,Robot,,,,11.0,51.0,1.0,,,,,,
2024-10-12 02:28:05.498,2024-10-12 02:28:07.196,brown hair,Human,16.0,0.0025552424683493,MATCH_MULTIPLE,11.0,51.0,1.0,16.0,,outer,,answer-description,
2024-10-12 02:28:07.196,2024-10-12 02:28:15.434,the woman with long hair?,Robot,,,,11.0,51.0,1.0,,,,,req-clar,
2024-10-12 02:28:15.434,2024-10-12 02:28:15.506,no,Human,0.0,1.0,NEG_RESPONSE,11.0,51.0,1.0,16.0,,outer,,clar-negative,
2024-10-12 02:28:15.506,2024-10-12 02:28:21.125,"Okay, can you describe it differently?",Robot,,,,11.0,51.0,1.0,,,,,req-clar,
2024-10-12 02:28:21.125,2024-10-12 02:28:22.767,dark hair,Human,35.0,1.0,SUCCESS_HIGH,11.0,51.0,1.0,16.0,,outer,,clar-repair,
2024-10-12 02:28:22.767,2024-10-12 02:28:22.768,"Let's see, no, for me the man with spiky hair is in spot 5.",Robot,,,,11.0,51.0,1.0,16.0,35.0,outer,incorrect,ack-done,
2024-10-12 02:28:22.768,2024-10-12 02:28:37.282,And spot 2?,Robot,,,,11.0,52.0,2.0,,,,,,
2024-10-12 02:28:37.282,2024-10-12 02:28:40.898,,,,,,11.0,,,,,,,,0.0
2024-10-12 02:28:40.898,2024-10-12 02:28:42.473,bald,Human,3.0,1.0,SUCCESS_HIGH,11.0,52.0,2.0,3.0,,inner,,answer-description,
2024-10-12 02:28:42.473,2024-10-12 02:28:42.474,"Yes, the bald man is in the same spot for me. It's going well!",Robot,,,,11.0,52.0,2.0,3.0,3.0,inner,correct,ack-done; encourage,
2024-10-12 02:28:42.474,2024-10-12 02:28:48.853,"Okay, let's move on to spot 3.",Robot,,,,11.0,53.0,3.0,,,,,,
2024-10-12 02:28:48.853,2024-10-12 02:28:52.274,,,,,,11.0,,,,,,,,2.0
2024-10-12 02:28:52.274,2024-10-12 02:28:53.341,blonde,Human,1.0,1.0,SUCCESS_HIGH,11.0,53.0,3.0,1.0,,inner,,answer-description,
2024-10-12 02:28:53.341,2024-10-12 02:28:53.342,For me the woman with blonde hair is in spot 1.,Robot,,,,11.0,53.0,3.0,1.0,1.0,inner,correct,ack-done,
2024-10-12 02:28:53.342,2024-10-12 02:28:58.893,And the one in spot 4?,Robot,,,,11.0,54.0,4.0,,,,,,
2024-10-12 02:28:58.893,2024-10-12 02:29:12.372,,,,,,11.0,,,,,,,,1.0
2024-10-12 02:29:12.372,2024-10-12 02:29:13.351,brown hair man,Human,16.0,0.4180506934718802,SUCCESS_LOW,11.0,54.0,4.0,35.0,,outer,,answer-description,
2024-10-12 02:29:13.351,2024-10-12 02:29:17.510,the woman with long hair?,Robot,,,,11.0,54.0,4.0,,,,,req-clar,
2024-10-12 02:29:17.510,2024-10-12 02:29:17.589,no,Human,,,,11.0,54.0,4.0,,,,,clar-negative,
2024-10-12 02:29:17.589,2024-10-12 02:29:17.590,"Okay, let's try again.",Robot,,,,11.0,54.0,4.0,,,,,ack,
2024-10-12 02:29:17.590,2024-10-12 02:29:22.747,Who is in spot 4 for you?,Robot,,,,11.0,54.0,4.0,,,,,,
2024-10-12 02:29:22.747,2024-10-12 02:29:24.722,man,Human,2.0,0.3601303798448141,SUCCESS_LOW,11.0,54.0,4.0,35.0,,outer,,answer-description,
2024-10-12 02:29:24.722,2024-10-12 02:29:28.249,the grey?,Robot,,,,11.0,54.0,4.0,,,,,req-clar,
2024-10-12 02:29:28.249,2024-10-12 02:29:28.339,no,Human,,,,11.0,54.0,4.0,,,,,clar-negative,
2024-10-12 02:29:28.339,2024-10-12 02:29:28.340,"Okay, let's try again.",Robot,,,,11.0,54.0,4.0,,,,,ack,
2024-10-12 02:29:28.340,2024-10-12 02:29:42.811,Who is in spot 4 for you?,Robot,,,,11.0,54.0,4.0,,,,,,
2024-10-12 02:29:42.811,2024-10-12 02:29:43.829,man dark hair glasses,Human,35.0,1.0,MATCH_PREVIOUS,11.0,54.0,4.0,35.0,,outer,,answer-description,
2024-10-12 02:29:43.829,2024-10-12 02:30:10.447,"Hmm, let's see, I thought we already talked about this one before. Let's try again. Can you name something specific for this figure?",Robot,,,,11.0,54.0,4.0,,,,,req-clar,
2024-10-12 02:30:10.447,2024-10-12 02:30:11.715,light green tshirt,Human,0.0,1.0,NO_MATCH,11.0,54.0,4.0,35.0,,outer,,clar-repair,
2024-10-12 02:30:11.715,2024-10-12 02:30:11.716,"Sorry, I think I can't find this one. Let's skip this spot and move on to the next one. Please select 'not found' in the dropdown menu.",Robot,,,,11.0,54.0,4.0,35.0,0.0,outer,incorrect,nack,
2024-10-12 02:30:11.716,2024-10-12 02:30:17.204,"Okay, and the one in spot 5?",Robot,,,,11.0,55.0,5.0,,,,,,
2024-10-12 02:30:17.204,2024-10-12 02:30:20.959,,,,,,11.0,,,,,,,,0.0
2024-10-12 02:30:20.959,2024-10-12 02:30:21.987,grey,Human,2.0,1.0,SUCCESS_HIGH,11.0,55.0,5.0,2.0,,inner,,answer-description,
2024-10-12 02:30:21.987,2024-10-12 02:30:21.988,For me the grey is in spot 3.,Robot,,,,11.0,55.0,5.0,2.0,2.0,inner,correct,ack-done,
2024-10-12 02:30:21.988,2024-10-12 02:30:27.312,That's all for this round. Let's continue to the next round.,Robot,,,,11.0,,,,,,,,
2024-10-12 02:30:27.312,2024-10-12 02:30:29.173,,,,,,11.0,,,,,,,,3.0
2024-10-12 02:30:29.173,2024-10-12 02:30:29.174,Let's continue!,Robot,,,,12.0,,,,,,,,
2024-10-12 02:30:29.174,2024-10-12 02:30:41.035,Who is in spot 1 for you?,Robot,,,,12.0,56.0,1.0,,,,,,
2024-10-12 02:30:41.035,2024-10-12 02:30:41.971,grey,Human,2.0,1.0,SUCCESS_HIGH,12.0,56.0,1.0,2.0,,inner,,answer-description,
2024-10-12 02:30:41.971,2024-10-12 02:30:41.972,"Let's see, no, for me the grey is in spot 3.",Robot,,,,12.0,56.0,1.0,2.0,2.0,inner,correct,ack-done,
2024-10-12 02:30:41.972,2024-10-12 02:30:48.889,"Okay, and spot 2?",Robot,,,,12.0,57.0,2.0,,,,,,
2024-10-12 02:30:48.889,2024-10-12 02:31:01.687,,,,,,12.0,,,,,,,,3.0
2024-10-12 02:31:01.687,2024-10-12 02:31:02.887,woman dark hair,Human,24.0,0.0,MATCH_MULTIPLE,12.0,57.0,2.0,24.0,,outer,,answer-description,
2024-10-12 02:31:02.887,2024-10-12 02:31:07.479,the woman with ponytail?,Robot,,,,12.0,57.0,2.0,,,,,req-clar,
2024-10-12 02:31:07.479,2024-10-12 02:31:07.563,yes,Human,24.0,1.0,SUCCESS_HIGH,12.0,57.0,2.0,24.0,,outer,,clar-repair,
2024-10-12 02:31:07.563,2024-10-12 02:31:07.564,For me the woman with ponytail is in spot 5.,Robot,,,,12.0,57.0,2.0,24.0,24.0,outer,correct,ack-done,
2024-10-12 02:31:07.564,2024-10-12 02:31:12.267,And spot 3?,Robot,,,,12.0,58.0,3.0,,,,,,
2024-10-12 02:31:12.267,2024-10-12 02:31:18.898,,,,,,12.0,,,,,,,,5.0
2024-10-12 02:31:18.898,2024-10-12 02:31:19.907,man dark hair,Human,25.0,0.6578356522940827,SUCCESS_HIGH,12.0,58.0,3.0,25.0,,outer,,answer-description,
2024-10-12 02:31:19.907,2024-10-12 02:31:19.908,"Oh, the man with dark hair is in spot 4 for me. It's going well!",Robot,,,,12.0,58.0,3.0,25.0,25.0,outer,correct,ack-done; encourage,
2024-10-12 02:31:19.908,2024-10-12 02:31:24.699,And spot 4?,Robot,,,,12.0,59.0,4.0,,,,,,
2024-10-12 02:31:24.699,2024-10-12 02:31:28.792,,,,,,12.0,,,,,,,,4.0
2024-10-12 02:31:28.792,2024-10-12 02:31:29.946,blonde,Human,1.0,0.615159873545723,SUCCESS_HIGH,12.0,59.0,4.0,1.0,,inner,,answer-description,
2024-10-12 02:31:29.946,2024-10-12 02:31:29.947,For me the woman with blonde hair is in spot 1.,Robot,,,,12.0,59.0,4.0,1.0,1.0,inner,correct,ack-done,
2024-10-12 02:31:29.947,2024-10-12 02:31:35.190,And spot 5?,Robot,,,,12.0,60.0,5.0,,,,,,
2024-10-12 02:31:35.190,2024-10-12 02:31:37.708,,,,,,12.0,,,,,,,,1.0
2024-10-12 02:31:37.708,2024-10-12 02:31:39.578,bald,Human,3.0,1.0,SUCCESS_HIGH,12.0,60.0,5.0,3.0,,inner,,answer-description,
2024-10-12 02:31:39.578,2024-10-12 02:31:39.579,"Oh, the bald man is in spot 2 for me.",Robot,,,,12.0,60.0,5.0,3.0,3.0,inner,correct,ack-done,
2024-10-12 02:31:39.579,2024-10-12 02:31:44.944,That was all of them. We can continue to the next round.,Robot,,,,12.0,,,,,,,,
2024-10-12 02:31:44.944,2024-10-12 02:31:46.304,,,,,,12.0,,,,,,,,2.0
2024-10-12 02:31:46.304,2024-10-12 02:31:46.305,Let's continue!,Robot,,,,13.0,,,,,,,,
2024-10-12 02:31:46.305,2024-10-12 02:31:51.042,Who is in spot 1 for you?,Robot,,,,13.0,61.0,1.0,,,,,,
2024-10-12 02:31:51.042,2024-10-12 02:31:52.917,grey,Human,2.0,1.0,SUCCESS_HIGH,13.0,61.0,1.0,2.0,,inner,,answer-description,
2024-10-12 02:31:52.917,2024-10-12 02:31:52.918,For me the grey is in spot 2.,Robot,,,,13.0,61.0,1.0,2.0,2.0,inner,correct,ack-done,
2024-10-12 02:31:52.918,2024-10-12 02:31:58.104,And the figure in spot 2?,Robot,,,,13.0,62.0,2.0,,,,,,
2024-10-12 02:31:58.104,2024-10-12 02:32:00.785,,,,,,13.0,,,,,,,,2.0
2024-10-12 02:32:00.785,2024-10-12 02:32:01.699,bald,Human,3.0,1.0,SUCCESS_HIGH,13.0,62.0,2.0,3.0,,inner,,answer-description,
2024-10-12 02:32:01.699,2024-10-12 02:32:01.700,"Let's see, no, for me the bald man is in spot 1. It's going well!",Robot,,,,13.0,62.0,2.0,3.0,3.0,inner,correct,ack-done; encourage,
2024-10-12 02:32:01.700,2024-10-12 02:32:08.248,"Okay, let's move on to spot 3.",Robot,,,,13.0,63.0,3.0,,,,,,
2024-10-12 02:32:08.248,2024-10-12 02:32:16.108,,,,,,13.0,,,,,,,,1.0
2024-10-12 02:32:16.108,2024-10-12 02:32:17.029,glasses man,Human,28.0,0.6045115108962769,SUCCESS_HIGH,13.0,63.0,3.0,28.0,,outer,,answer-description,
2024-10-12 02:32:17.029,2024-10-12 02:32:17.030,For me the man with glasses is in spot 4.,Robot,,,,13.0,63.0,3.0,28.0,28.0,outer,correct,ack-done,
2024-10-12 02:32:17.030,2024-10-12 02:32:23.620,And spot 4?,Robot,,,,13.0,64.0,4.0,,,,,,
2024-10-12 02:32:23.620,2024-10-12 02:32:35.124,,,,,,13.0,,,,,,,,4.0
2024-10-12 02:32:35.124,2024-10-12 02:32:36.095,woman dark hair,Human,28.0,1.0,MATCH_PREVIOUS,13.0,64.0,4.0,23.0,,outer,,answer-description,
2024-10-12 02:32:36.095,2024-10-12 02:32:56.637,"Hmm, let's see, I thought we already talked about this one before. Let's try again. Can you name something specific for this figure?",Robot,,,,13.0,64.0,4.0,,,,,req-clar,
2024-10-12 02:32:56.637,2024-10-12 02:32:57.817,blue eyes,Human,0.0,1.0,NO_MATCH,13.0,64.0,4.0,23.0,,outer,,clar-repair,
2024-10-12 02:32:57.817,2024-10-12 02:33:08.737,"I'm sorry, I didn't understand you. Could you describe it again?",Robot,,,,13.0,64.0,4.0,,,,,req-repeat,
2024-10-12 02:33:08.737,2024-10-12 02:33:09.921,woman blue eyes dark hair,Human,28.0,1.0,MATCH_PREVIOUS,13.0,64.0,4.0,23.0,,outer,,clar-repeat,
2024-10-12 02:33:09.921,2024-10-12 02:33:20.415,"Hmm, let's see, I thought we already talked about this one before. Let's try again. Can you name something specific for this figure?",Robot,,,,13.0,64.0,4.0,,,,,req-clar,
2024-10-12 02:33:20.415,2024-10-12 02:33:21.779,light green shirt,Human,0.0,1.0,NO_MATCH,13.0,64.0,4.0,23.0,,outer,,clar-repair,
2024-10-12 02:33:21.779,2024-10-12 02:33:21.780,"Sorry, I think I can't find this one. Let's skip this spot and move on to the next one. Please select 'not found' in the dropdown menu.",Robot,,,,13.0,64.0,4.0,23.0,0.0,outer,incorrect,nack,
2024-10-12 02:33:21.780,2024-10-12 02:33:28.324,And the figure in spot 5?,Robot,,,,13.0,65.0,5.0,,,,,,
2024-10-12 02:33:28.324,2024-10-12 02:33:32.086,,,,,,13.0,,,,,,,,0.0
2024-10-12 02:33:32.086,2024-10-12 02:33:33.839,blonde,Human,1.0,0.0001259708867006,MATCH_MULTIPLE,13.0,65.0,5.0,1.0,,inner,,answer-description,
2024-10-12 02:33:33.839,2024-10-12 02:33:38.982,the woman with short hair?,Robot,,,,13.0,65.0,5.0,,,,,req-clar,
2024-10-12 02:33:38.982,2024-10-12 02:33:39.074,yes,Human,1.0,1.0,SUCCESS_HIGH,13.0,65.0,5.0,1.0,,inner,,clar-repair,
2024-10-12 02:33:39.074,2024-10-12 02:33:39.075,"Let's see, no, for me the woman with short hair is in spot 3.",Robot,,,,13.0,65.0,5.0,1.0,1.0,inner,correct,ack-done,
2024-10-12 02:33:39.075,2024-10-12 02:33:43.709,Okay. Let's move on to the next round.,Robot,,,,13.0,,,,,,,,
2024-10-12 02:33:43.709,2024-10-12 02:33:45.511,,,,,,13.0,,,,,,,,3.0
2024-10-12 02:33:45.511,2024-10-12 02:33:45.512,Let's continue!,Robot,,,,14.0,,,,,,,,
2024-10-12 02:33:45.512,2024-10-12 02:33:51.768,Who is in spot 1 for you?,Robot,,,,14.0,66.0,1.0,,,,,,
2024-10-12 02:33:51.768,2024-10-12 02:33:53.022,shorty hair,Human,2.0,0.0022941016873235,MATCH_MULTIPLE,14.0,66.0,1.0,19.0,,outer,,answer-description,
2024-10-12 02:33:53.022,2024-10-12 02:33:58.549,the old man?,Robot,,,,14.0,66.0,1.0,,,,,req-clar,
2024-10-12 02:33:58.549,2024-10-12 02:33:58.901,no,Human,0.0,1.0,NEG_RESPONSE,14.0,66.0,1.0,19.0,,outer,,clar-negative,
2024-10-12 02:33:58.901,2024-10-12 02:34:11.681,"Okay, can you describe it differently?",Robot,,,,14.0,66.0,1.0,,,,,req-clar,
2024-10-12 02:34:11.681,2024-10-12 02:34:12.944,blue eyes woman,Human,19.0,0.0293545373851694,MATCH_MULTIPLE,14.0,66.0,1.0,19.0,,outer,,clar-repair,
2024-10-12 02:34:12.944,2024-10-12 02:34:17.589,the woman with medium-length hair?,Robot,,,,14.0,66.0,1.0,,,,,req-clar,
2024-10-12 02:34:17.589,2024-10-12 02:34:17.698,yes,Human,19.0,1.0,SUCCESS_HIGH,14.0,66.0,1.0,19.0,,outer,,clar-repair,
2024-10-12 02:34:17.698,2024-10-12 02:34:17.699,For me the woman with medium-length hair is in spot 3.,Robot,,,,14.0,66.0,1.0,19.0,19.0,outer,correct,ack-done,
2024-10-12 02:34:17.699,2024-10-12 02:34:23.024,"Okay, let's move on to spot 2.",Robot,,,,14.0,67.0,2.0,,,,,,
2024-10-12 02:34:23.024,2024-10-12 02:34:25.903,,,,,,14.0,,,,,,,,3.0
2024-10-12 02:34:25.903,2024-10-12 02:34:27.095,grey,Human,2.0,1.0,SUCCESS_HIGH,14.0,67.0,2.0,2.0,,inner,,answer-description,
2024-10-12 02:34:27.095,2024-10-12 02:34:27.096,the grey is also in that spot in my picture.,Robot,,,,14.0,67.0,2.0,2.0,2.0,inner,correct,ack-done,
2024-10-12 02:34:27.096,2024-10-12 02:34:33.799,And spot 3?,Robot,,,,14.0,68.0,3.0,,,,,,
2024-10-12 02:34:33.799,2024-10-12 02:34:41.339,,,,,,14.0,,,,,,,,2.0
2024-10-12 02:34:41.339,2024-10-12 02:34:43.481,blonde woman,Human,1.0,0.6045115108962767,SUCCESS_HIGH,14.0,68.0,3.0,1.0,,inner,,answer-description,
2024-10-12 02:34:43.481,2024-10-12 02:34:43.482,"Oh, the woman with blonde hair is in spot 5 for me.",Robot,,,,14.0,68.0,3.0,1.0,1.0,inner,correct,ack-done,
2024-10-12 02:34:43.482,2024-10-12 02:34:53.090,"Okay, let's move on to spot 4.",Robot,,,,14.0,69.0,4.0,,,,,,
2024-10-12 02:34:53.090,2024-10-12 02:35:02.102,,,,,,14.0,,,,,,,,5.0
2024-10-12 02:35:02.102,2024-10-12 02:35:03.157,dark hair man,Human,21.0,0.6230573319059616,SUCCESS_HIGH,14.0,69.0,4.0,21.0,,outer,,answer-description,
2024-10-12 02:35:03.157,2024-10-12 02:35:03.158,"Let's see, no, for me the man with dark hair is in spot 1.",Robot,,,,14.0,69.0,4.0,21.0,21.0,outer,correct,ack-done,
2024-10-12 02:35:03.158,2024-10-12 02:35:09.030,"Okay, and spot 5?",Robot,,,,14.0,70.0,5.0,,,,,,
2024-10-12 02:35:09.030,2024-10-12 02:35:11.519,,,,,,14.0,,,,,,,,1.0
2024-10-12 02:35:11.519,2024-10-12 02:35:12.779,bald,Human,3.0,1.0,SUCCESS_HIGH,14.0,70.0,5.0,3.0,,inner,,answer-description,
2024-10-12 02:35:12.779,2024-10-12 02:35:12.780,"Let's see, no, for me the bald man is in spot 4.",Robot,,,,14.0,70.0,5.0,3.0,3.0,inner,correct,ack-done,
2024-10-12 02:35:12.780,2024-10-12 02:35:18.785,Okay. Let's move on to the next round.,Robot,,,,14.0,,,,,,,,
2024-10-12 02:35:18.785,2024-10-12 02:35:19.918,,,,,,14.0,,,,,,,,4.0
2024-10-12 02:35:19.918,2024-10-12 02:35:19.919,Let's continue!,Robot,,,,15.0,,,,,,,,
2024-10-12 02:35:19.919,2024-10-12 02:35:27.070,Who is in spot 1 for you?,Robot,,,,15.0,71.0,1.0,,,,,,
2024-10-12 02:35:27.070,2024-10-12 02:35:29.032,long hair,Human,18.0,1.0,SUCCESS_HIGH,15.0,71.0,1.0,18.0,,outer,,answer-description,
2024-10-12 02:35:29.032,2024-10-12 02:35:29.033,"Oh, the woman with long hair is in spot 5 for me.",Robot,,,,15.0,71.0,1.0,18.0,18.0,outer,correct,ack-done,
2024-10-12 02:35:29.033,2024-10-12 02:35:36.560,And spot 2?,Robot,,,,15.0,72.0,2.0,,,,,,
2024-10-12 02:35:36.560,2024-10-12 02:35:49.546,,,,,,15.0,,,,,,,,5.0
2024-10-12 02:35:49.546,2024-10-12 02:35:50.577,bald,Human,3.0,1.0,SUCCESS_HIGH,15.0,72.0,2.0,3.0,,inner,,answer-description,
2024-10-12 02:35:50.577,2024-10-12 02:35:50.578,For me the bald man is in spot 1. It's going well!,Robot,,,,15.0,72.0,2.0,3.0,3.0,inner,correct,ack-done; encourage,
2024-10-12 02:35:50.578,2024-10-12 02:35:55.524,And spot 3?,Robot,,,,15.0,73.0,3.0,,,,,,
2024-10-12 02:35:55.524,2024-10-12 02:35:58.548,,,,,,15.0,,,,,,,,1.0
2024-10-12 02:35:58.548,2024-10-12 02:36:00.700,blonde,Human,1.0,1.0,SUCCESS_HIGH,15.0,73.0,3.0,1.0,,inner,,answer-description,
2024-10-12 02:36:00.700,2024-10-12 02:36:00.701,"Ah, the woman with blonde hair is also in spot 3 for me.",Robot,,,,15.0,73.0,3.0,1.0,1.0,inner,correct,ack-done,
2024-10-12 02:36:00.701,2024-10-12 02:36:06.106,And the figure in spot 4?,Robot,,,,15.0,74.0,4.0,,,,,,
2024-10-12 02:36:06.106,2024-10-12 02:36:11.088,,,,,,15.0,,,,,,,,3.0
2024-10-12 02:36:11.088,2024-10-12 02:36:13.212,glasses,Human,2.0,0.0015412383280177,MATCH_MULTIPLE,15.0,74.0,4.0,32.0,,outer,,answer-description,
2024-10-12 02:36:13.212,2024-10-12 02:36:18.383,the old man?,Robot,,,,15.0,74.0,4.0,,,,,req-clar,
2024-10-12 02:36:18.383,2024-10-12 02:36:18.461,no,Human,0.0,1.0,NEG_RESPONSE,15.0,74.0,4.0,32.0,,outer,,clar-negative,
2024-10-12 02:36:18.461,2024-10-12 02:36:54.740,"Okay, can you describe it differently?",Robot,,,,15.0,74.0,4.0,,,,,req-clar,
2024-10-12 02:36:54.740,2024-10-12 02:36:56.112,glasses beard short hair man with grey top,Human,32.0,0.4121748396430247,SUCCESS_LOW,15.0,74.0,4.0,32.0,,outer,,clar-repair,
2024-10-12 02:36:56.112,2024-10-12 02:37:01.924,the man with grey hair?,Robot,,,,15.0,74.0,4.0,,,,,req-clar,
2024-10-12 02:37:01.924,2024-10-12 02:37:02.226,no,Human,,,,15.0,74.0,4.0,,,,,clar-negative,
2024-10-12 02:37:02.226,2024-10-12 02:37:02.227,"Okay, let's try again.",Robot,,,,15.0,74.0,4.0,,,,,ack,
2024-10-12 02:37:02.227,2024-10-12 02:37:14.163,Who is in spot 4 for you?,Robot,,,,15.0,74.0,4.0,,,,,,
2024-10-12 02:37:14.163,2024-10-12 02:37:15.606,man green trousers,Human,0.0,1.0,NO_MATCH,15.0,74.0,4.0,32.0,,outer,,answer-description,
2024-10-12 02:37:15.606,2024-10-12 02:37:15.607,"Sorry, I think I can't find this one. Let's skip this spot and move on to the next one. Please select 'not found' in the dropdown menu.",Robot,,,,15.0,74.0,4.0,32.0,0.0,outer,incorrect,nack,
2024-10-12 02:37:15.607,2024-10-12 02:37:21.511,"Okay, let's move on to spot 5.",Robot,,,,15.0,75.0,5.0,,,,,,
2024-10-12 02:37:21.511,2024-10-12 02:37:23.825,,,,,,15.0,,,,,,,,0.0
2024-10-12 02:37:23.825,2024-10-12 02:37:25.077,grey,Human,2.0,0.0015412383280177,MATCH_MULTIPLE,15.0,75.0,5.0,2.0,,inner,,answer-description,
2024-10-12 02:37:25.077,2024-10-12 02:37:29.709,the old man?,Robot,,,,15.0,75.0,5.0,,,,,req-clar,
2024-10-12 02:37:29.709,2024-10-12 02:37:29.805,yes,Human,2.0,1.0,SUCCESS_HIGH,15.0,75.0,5.0,2.0,,inner,,clar-repair,
2024-10-12 02:37:29.805,2024-10-12 02:37:29.806,"Let's see, no, for me the old man is in spot 2.",Robot,,,,15.0,75.0,5.0,2.0,2.0,inner,correct,ack-done,
2024-10-12 02:37:29.806,2024-10-12 02:37:38.877,We went through all of them. This was the last round! You can press the button to finish the game.,Robot,,,,15.0,,,,,,,,
2024-10-12 02:37:38.877,2024-10-12 02:37:40.434,,,,,,15.0,,,,,,,,2.0
2024-10-12 02:37:40.434,,Goodbye!,Robot,,,,15.0,,,,,,,,
